{
  "images" : [
    {
      "filename" : "eye_blinking_animation_by_minemech20000_d9qaqwi 1.png",
      "idiom" : "universal",
      "scale" : "1x"
    },
    {
      "filename" : "eye_blinking_animation_by_minemech20000_d9qaqwi 1@2x.png",
      "idiom" : "universal",
      "scale" : "2x"
    },
    {
      "filename" : "eye_blinking_animation_by_minemech20000_d9qaqwi 1@3x.png",
      "idiom" : "universal",
      "scale" : "3x"
    }
  ],
  "info" : {
    "author" : "xcode",
    "version" : 1
  }
}
